Jürg Rast (jrast)
Damian Köppel (dkoeppel)
Gian Claudio Köppel (gkoeppel)
Raphael Nestler (rnestler)
Hannes Badertscher (hbaderts)
Sven Körner (skoerner)
Fabian Niedermann (fniederm)
Christian Gwerder (cgwerder)
Urban Bruhin (ubruhin)
Marco Ehrler(merhler)
Lukas Leuenberger(l1leuenb)
